SukiUphill,suphill0@artisteer.com
MerrileGartan,mgartan1@ameblo.jp
ArturSeamer,aseamer2@jalbum.net
MacLukehurst,mlukehurst3@elpais.com
ChandlerNortheast,cnortheast4@myspace.com
ChloePaffley,cpaffley5@eepurl.com
OlympieCollumbell,ocollumbell6@geocities.jp
FrederigoKeuntje,fkeuntje7@flavors.me
DyanneBengal,dbengal8@uiuc.edu
AgnetaTidbold,atidbold9@hc360.com
WillisPuddicombe,wpuddicombea@foxnews.com
ReedBryce,rbryceb@51.la
PatriceBonome,pbonomec@senate.gov
WillieSeys,wseysd@t.co
CurreyLockart,clockarte@cpanel.net
WardenBanishevitz,wbanishevitzf@macromedia.com
RustieMacCosty,rmaccostyg@booking.com
ShandieWhittock,swhittockh@bbb.org
CandraCluckie,ccluckiei@seattletimes.com
RockieBantock,rbantockj@chicagotribune.com
RochesterGabotti,rgabottik@typepad.com
PriscillaRamard,pramardl@livejournal.com
GiorgiaLimbert,glimbertm@adobe.com
KeelbyLeydon,kleydonn@etsy.com
MonroSummerson,msummersono@clickbank.net
AustenGillies,agilliesp@exblog.jp
AndrewStodd,astoddq@webeden.co.uk
MarabelAmbrogelli,mambrogellir@ihg.com
MohandasGreggs,mgreggss@csmonitor.com
AlfonseGallyhaock,agallyhaockt@icq.com
EmlynnPentercost,epentercostu@free.fr
BrewGarbott,bgarbottv@blogspot.com
LeonMacGray,lmacgrayw@noaa.gov
OraleeHardwell,ohardwellx@goo.ne.jp
StaffardClardge,sclardgey@java.com
MurvynLlop,mllopz@ebay.co.uk
EadithBenny,ebenny10@vk.com
DoriseCleghorn,dcleghorn11@163.com
JobinaBinestead,jbinestead12@state.gov
MunroeAndrich,mandrich13@dedecms.com
AshienCurneen,aocurneen14@netscape.com
ErminDolligon,edolligon15@artisteer.com
JyotiCullinane,jocullinane16@tripadvisor.com
MoselleWadge,mwadge17@delicious.com
CarolinaBarsby,cbarsby18@plala.or.jp
DeeynRive,drive19@stumbleupon.com
CassieIvantsov,civantsov1a@dedecms.com
GranthamPeinke,gpeinke1b@friendfeed.com
AraPay,apay1c@youtube.com
GarnetteFiddy,gfiddy1d@home.pl
ClarineBlaze,cblaze1e@zimbio.com
RaslaBritland,rbritland1f@wiley.com
BabbMatas,bmatas1g@so-net.ne.jp
NertGanderton,nganderton1h@japanpost.jp
GlendaWharlton,gwharlton1i@shinystat.com
ReinholdHeugle,rheugle1j@geocities.com
ChristianTolliday,ctolliday1k@ezinearticles.com
DewittGowan,dgowan1l@stumbleupon.com
GarethLinay,glinay1m@ehow.com
MohandisAleixo,maleixo1n@hatena.ne.jp
ObadiasLorincz,olorincz1o@friendfeed.com
SammieArgontt,sargontt1p@instagram.com
DunstanMcNickle,dmcnickle1q@whitehouse.gov
ErlCostard,ecostard1r@altervista.org
ElladineTreadway,etreadway1s@fc2.com
ShinaGravatt,sgravatt1t@shinystat.com
OzzieBackhouse,obackhouse1u@usnews.com
LucaisGrevile,lgrevile1v@netlog.com
VinnieSnowdon,vsnowdon1w@edublogs.org
FaunieTrusler,ftrusler1x@ebay.co.uk
AntheaPool,apool1y@opera.com
SergeBurberow,sburberow1z@spotify.com
JudonWalkden,jwalkden20@dailymotion.com
VernMaltster,vmaltster21@ustream.tv
MerrillOliveti,moliveti22@indiatimes.com
PhilbertPutten,pputten23@amazonaws.com
OdiliaHamelyn,ohamelyn24@sakura.ne.jp
MercyPresho,mpresho25@npr.org
HestherFlanigan,hflanigan26@domainmarket.com
RogRofe,rrofe27@fda.gov
ConcettinaOherlihy,coherlihy28@nba.com
TaitMiebes,tmiebes29@people.com.cn
KonstantinLeuty,kleuty2a@wufoo.com
ChristieAnnies,cannies2b@goo.gl
AddyGorwood,agorwood2c@hatena.ne.jp
LancelotOthen,lothen2d@netvibes.com
UrbanusBellay,ubellay2e@bandcamp.com
RoseannaJoontjes,rjoontjes2f@gmpg.org
IsaRobens,irobens2g@independent.co.uk
JaclinEarland,jearland2h@businesswire.com
ErmengardeCircuitt,ecircuitt2i@cloudflare.com
NoelaniEat,neat2j@amazon.co.uk
JeannetteTesauro,jtesauro2k@europa.eu
StanislausElener,selener2l@vimeo.com
BritteGathercole,bgathercole2m@macromedia.com
AlidaGatehouse,agatehouse2n@blog.com
BertieClaypool,bclaypool2o@seattletimes.com
HamishRankling,hrankling2p@businessinsider.com
MickeyLemon,mlemon2q@elegantthemes.com
FrancklinRanscome,franscome2r@discovery.com